title,id,type,release_date,overview,rating,popularity,genres,release_year
Our Fault,1156594,movie,2025-10-15,"Jenna and Lion's wedding brings about the long-awaited reunion between Noah and Nick after their breakup. Nick's inability to forgive Noah stands as an insurmountable barrier. He, heir to his grandfather's businesses, and she, starting her professional life, resist fueling a flame that's still alive. But now that their paths have crossed again, will love be stronger than resentment?",7.937,1160.9712,"[10749, 18]",2025
Inside Furioza,1072699,movie,2025-10-14,"In the wake of murder, new Furioza leader Golden claims the reins of his violent and formidable hooligan gang and takes on a new focus across borders.",6.333,407.1937,"[28, 80, 53]",2025
Captain Hook - The Cursed Tides,1511789,movie,2025-07-11,"In the aftermath of a devastating defeat by his archnemesis Admiral Smee, the notorious Captain James Hook finds refuge in the coastal town of Eldritch Landing, where he forms an unlikely alliance with Silas Blackweather, a local blacksmith seeking retribution for his sister's murder. As they evade Smee's Redcoat Soldiers in the island's dense woodland, ruthless sword fights, ancient curses and conflicting motives will challenge their shared quest for revenge. Together, Hook and Silas navigate uncharted waters to confront the treacherous Admiral Smee, embarking on a journey that will redefine Captain Hook's enduring legacy.",7.5,373.5845,"[12, 28, 27]",2025
The Conjuring: Last Rites,1038392,movie,2025-09-03,Paranormal investigators Ed and Lorraine Warren take on one last terrifying case involving mysterious entities they must confront.,6.978,327.0111,[27],2025
War of the Worlds,755898,movie,2025-07-29,"Will Radford is a top analyst for Homeland Security who tracks potential threats through a mass surveillance program, until one day an attack by an unknown entity leads him to question whether the government is hiding something from him... and from the rest of the world.",4.4,348.4541,"[878, 53]",2025
Demon Slayer: Kimetsu no Yaiba Infinity Castle,1311031,movie,2025-07-18,"The Demon Slayer Corps are drawn into the Infinity Castle, where Tanjiro, Nezuko, and the Hashira face terrifying Upper Rank demons in a desperate fight as the final battle against Muzan Kibutsuji begins.",7.8,299.4665,"[16, 28, 14, 53]",2025
Stolen Girl,1280450,movie,2025-09-04,"In 1993, Maureen’s six-year-old daughter Amina is snuck out of the country by her ex-husband, Karim. After years of unsuccessful attempts to find her, Maureen intersects with a professional retriever of internationally abducted children who promises to help her find Amina in exchange for her collaboration.",6.7,259.397,"[53, 28, 12]",2025
War 2,1109086,movie,2025-08-13,"Years ago Agent Kabir went rogue, became India’s greatest villain ever.  As he descends further into the deepest shadows... India sends its deadliest, most lethal agent after him, Agent Vikram  A Special Units Officer who is more than Kabir’s equal and a relentless Terminator driven by his own demons, determined to put a bullet into Kabir’s skull.",5.214,238.4,"[28, 12, 53]",2025
My Fault,1010581,movie,2023-06-08,"Noah must leave her city, boyfriend, and friends to move into William Leister's mansion, the flashy and wealthy husband of her mother Rafaela. As a proud and independent 17 year old, Noah resists living in a mansion surrounded by luxury. However, it is there where she meets Nick, her new stepbrother, and the clash of their strong personalities becomes evident from the very beginning.",7.766,221.9507,"[18, 10749, 53]",2023
The Lost Princess,1086910,movie,2025-10-16,"After an Ayahuasca vision transports him to a haunted castle, Alec meets Hanna who tales him the story of her mother's forced marriage and how the forbidden passion with her father was in danger when the princess pregnancy became obvious",6.407,193.8143,"[28, 12]",2025
Marco,1186350,movie,2024-12-20,"The adoptive son of the Adattu family, Marco, sets off on a ruthless quest for vengeance after his brother is brutally murdered, finding only betrayal, loss and unimaginable brutality at every step.",6.459,189.3854,"[28, 80, 53]",2024
The Toxic Avenger Unrated,338969,movie,2025-08-28,"When a downtrodden janitor, Winston Gooze, is exposed to a catastrophic toxic accident, he’s transformed into a new kind of hero: The Toxic Avenger. Now, Toxie must rise from outcast to savior, taking on ruthless corporate overlords and corrupt forces who threaten his son, his friends, and his community.",6.336,196.8808,"[28, 35, 878]",2025
Holy Night: Demon Hunters,793387,movie,2025-04-30,"When a devil-worshipping criminal network plunges Seoul into chaos, the police turn to Holy Night—a trio of supernatural demon hunters—to restore order and defeat the rising evil.",6.615,187.4005,"[28, 14, 27, 53]",2025
The Fantastic 4: First Steps,617126,movie,2025-07-23,"Against the vibrant backdrop of a 1960s-inspired, retro-futuristic world, Marvel's First Family is forced to balance their roles as heroes with the strength of their family bond, while defending Earth from a ravenous space god called Galactus and his enigmatic Herald, Silver Surfer.",7.124,187.5392,"[878, 12]",2025
The Strangers: Chapter 2,1010756,movie,2025-09-25,"When The Strangers learn that one of their victims, Maya, is still alive, they return to finish what they’ve started.",5.634,197.5594,"[27, 53]",2025
Your Fault,1156593,movie,2024-12-26,The love between Noah and Nick seems unwavering despite their parents' attempts to separate them. But his job and her entry into college open up their lives to new relationships that will shake the foundations of both their relationship and the Leister family itself.,7.135,170.1676,"[18, 10749]",2024
The Twits,927254,movie,2025-10-17,"When the meanest, nastiest villains pull a trick to take over their town, two brave children team up with a family of magical animals to bring them down.",7.1,161.1194,"[16, 35, 10751, 14]",2025
Play Dirty,941109,movie,2025-09-30,"Expert thief Parker gets a shot at a major heist, but to pull it off he and his team must outsmart a South American dictator, the New York mob, and the world's richest man.",6.628,154.9456,[80],2025
Black Phone 2,1197137,movie,2025-10-15,"Four years after escaping The Grabber, Finney Blake is struggling with his life after captivity. When his sister Gwen begins receiving calls in her dreams from the black phone and seeing disturbing visions of three boys being stalked at a winter camp, the siblings become determined to solve the mystery and confront a killer who has grown more powerful in death and more significant to them than either could imagine.",7.3,154.1022,"[27, 53]",2025
KPop Demon Hunters,803796,movie,2025-06-20,"When K-pop superstars Rumi, Mira and Zoey aren't selling out stadiums, they're using their secret powers to protect their fans from supernatural threats.",8.259,159.0261,"[14, 10402, 35, 16]",2025
Mission: Impossible - The Final Reckoning,575265,movie,2025-05-17,"Ethan Hunt and team continue their search for the terrifying AI known as the Entity — which has infiltrated intelligence networks all over the globe — with the world's governments and a mysterious ghost from Hunt's past on their trail. Joined by new allies and armed with the means to shut the Entity down for good, Hunt is in a race against time to prevent the world as we know it from changing forever.",7.275,147.1501,"[28, 12, 53]",2025
Martin,861451,movie,2024-10-11,"Martin revolves around Lt. Brigadier Arjun Saxena, whose journey takes him from Pakistan to India to discover his real identity and fight against black market dealers, who are involved with terrorists to orchestrate massive attacks in the country.",2.1,275.6851,"[28, 18, 53]",2024
Vicious,1251717,movie,2025-10-18,"When Polly receives a mysterious box, it comes with one rule: place inside something she needs, something she hates, and something she loves. If she doesn’t obey, it will consume everything—and everyone—she’s ever known.",6.233,125.5103,"[27, 53]",2025
Prisoner of War,1328803,movie,2025-09-19,British RAF Wing Commander James Wright is captured by the Japanese during WWII and forced to fight in brutal hand-to-hand combat. The Japanese soldiers get more than they bargained for when Wright’s years of martial arts training in Hong Kong prove him to be a formidable opponent.,6.956,124.5165,"[28, 10752, 53, 36]",2025
TRON: Ares,533533,movie,2025-10-08,"A highly sophisticated Program called Ares is sent from the digital world into the real world on a dangerous mission, marking humankind's first encounter with A.I. beings.",6.417,119.2987,"[878, 12, 28]",2025
V/H/S/HALLOWEEN,1373445,movie,2025-09-19,"A collection of Halloween-themed videotapes unleashes a series of twisted, blood-soaked tales, turning trick-or-treat into a struggle for survival.",6.226,138.3647,"[27, 53, 35]",2025
Superman,1061474,movie,2025-07-09,"Superman, a journalist in Metropolis, embarks on a journey to reconcile his Kryptonian heritage with his human upbringing as Clark Kent.",7.441,119.7394,"[878, 12, 28]",2025
xXx,7451,movie,2002-08-09,"Xander Cage is your standard adrenaline junkie with no fear and a lousy attitude. When the US Government ""recruits"" him to go on a mission, he's not exactly thrilled. His mission: to gather information on an organization that may just be planning the destruction of the world, led by the nihilistic Yorgi.",5.964,121.2967,"[28, 12, 53, 80]",2002
Mantis,1267319,movie,2025-09-26,"Mantis, an ace assassin, returns to the contract killer industry after a hiatus, encountering his trainee friend Jae-yi and a retired legendary killer Dok-go, who now runs the organization.",5.994,118.1283,"[28, 80, 53]",2025
Caramelo,1277988,movie,2025-10-08,"After a life-changing diagnosis, a promising chef finds hope and humor with the help of a fur-midable dog friend.",7.737,111.6724,"[35, 18]",2025
Night of the Reaper,1502943,movie,2025-10-16,"College student Deena visits her home town and is roped into a babysitting gig. Meanwhile, the local sheriff, after receiving a piece of evidence in the mail, falls into an increasingly desperate scavenger hunt involving a series of murders.",6.0,120.109,"[27, 53]",2025
Bambi: The Reckoning,1049942,movie,2025-07-11,"After a mother and son get in a car wreck, they soon become hunted by Bambi, a mutated grief-stricken deer on a deadly rampage seeking revenge for the death of his mother and wife.",6.0,115.3589,"[27, 53]",2025
Goldilocks and the Three Bears: Death & Porridge,1186274,movie,2024-06-05,A group of friends on a rural getaway must fight for their lives against vengeful masked versions of the fairy tale characters.,3.5,102.1945,"[27, 53]",2024
27 Nights,1327769,movie,2025-09-19,"When a woman is admitted by her daughters to a psychiatric clinic for her carefree ways, an expert must judge if she is ill or simply wants to enjoy life.",6.571,144.58,[35],2025
Valiant One,1009640,movie,2025-01-30,"With tensions between North and South Korea, a US helicopter crashes on the North side. The survivors must work together to protect a civilian tech specialist and find their way out without the help of US military support.",6.313,99.0193,"[10752, 53, 28]",2025
Weapons,1078605,movie,2025-08-04,"When all but one child from the same class mysteriously vanish on the same night at exactly the same time, a community is left questioning who or what is behind their disappearance.",7.389,94.4426,"[27, 9648]",2025
Forgive Me Father,1364992,movie,2024-11-04,"When a number of mutilated bodies are discovered in a countryside mansion, seasoned Detective Taylor is charged with finding the killer. An unlikely suspect reveals that some secrets are taken to the grave...and some secrets TAKE US TO THE GRAVE!",6.0,112.7529,"[53, 27, 80]",2024
Jurassic World Rebirth,1234821,movie,2025-07-01,"Five years after the events of Jurassic World Dominion, covert operations expert Zora Bennett is contracted to lead a skilled team on a top-secret mission to secure genetic material from the world's three most massive dinosaurs. When Zora's operation intersects with a civilian family whose boating expedition was capsized, they all find themselves stranded on an island where they come face-to-face with a sinister, shocking discovery that's been hidden from the world for decades.",6.393,96.4793,"[878, 12, 28]",2025
One Battle After Another,1054867,movie,2025-09-23,"Washed-up revolutionary Bob exists in a state of stoned paranoia, surviving off-grid with his spirited, self-reliant daughter, Willa. When his evil nemesis resurfaces after 16 years and she goes missing, the former radical scrambles to find her, father and daughter both battling the consequences of his past.",7.771,85.8105,"[28, 53, 80]",2025
How to Train Your Dragon,1087192,movie,2025-06-06,"On the rugged isle of Berk, where Vikings and dragons have been bitter enemies for generations, Hiccup stands apart, defying centuries of tradition when he befriends Toothless, a feared Night Fury dragon. Their unlikely bond reveals the true nature of dragons, challenging the very foundations of Viking society.",8.017,87.3961,"[14, 10751, 28, 12]",2025
My Fault: London,1294203,movie,2025-02-12,"18-year-old Noah moves from America to London, with her mother who's recently fallen in love with William, a wealthy British businessman. Noah meets William’s son, bad-boy Nick, and soon discovers there is an attraction between them neither can avoid. As Noah spends the summer adjusting to her new life, her devastating past will catch up with her while falling in love for the first time.",7.466,84.2565,"[10749, 18]",2025
Gabby's Dollhouse: The Movie,1280282,movie,2025-09-13,"Gabby heads out on a road trip with her Grandma Gigi to the urban wonderland of Cat Francisco. But when Gabby's dollhouse, her most prized possession, ends up in the hands of an eccentric cat lady named Vera, Gabby sets off on an adventure through the real world to get the Gabby Cats back together and save the dollhouse before it's too late.",6.891,91.0102,"[10751, 35, 12, 16]",2025
Django Undisputed,1357886,movie,2024-04-22,"Determined to exact his justice, Django faces dangerous challenges and bloody clashes to restore order in a territory dominated by lawlessness and injustice.",6.1,78.1932,[37],2024
Fight Another Day,1053008,movie,2024-10-09,"Follows a tough cop, who after being transported to a dystopian future, must enter a deadly combat tournament to be able to return to his past.",5.111,78.3968,[28],2024
F1,911430,movie,2025-06-25,Racing legend Sonny Hayes is coaxed out of retirement to lead a struggling Formula 1 team—and mentor a young hotshot driver—while chasing one more chance at glory.,7.832,82.6644,"[28, 18]",2025
Brute 1976,1221415,movie,2024-03-13,"In 1976 a group of people in the desert for a photo shoot, stumble upon an abandoned town called Savage. But they are not alone. A family of masked psychopaths have claimed Savage as their own and are hell bent on living up to its name.",3.9,89.4464,[27],2024
A Big Bold Beautiful Journey,1241921,movie,2025-09-17,"Sarah and David are single strangers who meet at a mutual friend’s wedding and soon, through a surprising twist of fate, find themselves on a funny, fantastical, sweeping adventure together where they get to re-live important moments from their respective pasts, illuminating how they got to where they are in the present... and possibly getting a chance to alter their futures.",6.415,75.8111,"[10749, 14, 18]",2025
Ne Zha 2,980477,movie,2025-01-29,"After a catastrophic event leaves their bodies destroyed, Ne Zha and Ao Bing are granted a fragile second chance at life. As tensions rise between the dragon clans and celestial forces, the two must undergo a series of perilous trials that will test their bond, challenge their identities, and decide the fate of both mortals and immortals.",8.032,74.6905,"[16, 14, 12, 28]",2025
Maintenance Required,1352755,movie,2025-10-07,"Charlie, the fiercely independent owner of an all-female mechanic shop, is forced to reevaluate her future when a flashy corporate competitor moves in across the street. Seeking comfort, she turns to an anonymous online confidant - unaware she's confiding in Beau, the very rival threatening her business. As sparks fly both online and off, the truth threatens to blow everything apart.",5.538,66.2598,"[10749, 35]",2025
HIM,986097,movie,2025-09-18,"After suffering a potentially career-ending brain trauma, Cameron Cade receives a lifeline when his hero, legendary eight-time Championship quarterback and cultural megastar Isaiah White, offers to train Cam at Isaiah's isolated compound that he shares with his celebrity influencer wife. But as Cam's training accelerates, Isaiah's charisma begins to curdle into something darker.",5.882,60.4542,"[27, 9648]",2025
Assassin,1552819,movie,2025-09-26,,4.375,68.2813,[28],2025
She Walks in Darkness,1275151,movie,2025-10-03,"A young agent leaves everything behind to pose as a member of ETA, risking her life to uncover the terrorists' hideouts in the south of France.",6.3,69.3412,"[18, 53]",2025
Nobody 2,1007734,movie,2025-08-13,"Former assassin Hutch Mansell takes his family on a nostalgic vacation to a small-town theme park, only to be pulled back into violence when they clash with a corrupt operator, a crooked sheriff, and a ruthless crime boss.",7.096,70.3389,"[28, 53]",2025
The Bad Guys 2,1175942,movie,2025-07-24,"The now-reformed Bad Guys are trying (very, very hard) to be good, but instead find themselves hijacked into a high-stakes, globe-trotting heist, masterminded by a new team of criminals they never saw coming: The Bad Girls.",7.796,65.1516,"[10751, 35, 80, 12, 16]",2025
Good News,1296404,movie,2025-09-05,"When hijackers seize a Japanese flight and demand to fly to Pyongyang, a mysterious mastermind hatches a zany scheme to reroute the plane to Seoul.",6.8,63.8318,"[53, 35, 36]",2025
Gypsy Moon,1549457,movie,2024-02-14,"The year is 1799 Romania. The Gypsy people on the verge of having their lands taken over by bloodthirsty rulers known as ""The Order"" An officer of the Order ""Captain"" finds his way into a twist of fate and his bloodthirsty companions.",7.0,50.4541,"[14, 53]",2024
No Tears in Hell,1512581,movie,2025-08-12,"In the frozen darkness of an Alaskan winter, a mother and son turn their home into a house of nightmares — luring victims into a twisted web of abuse and cannibalism. Based on the terrifying true story of Russian serial killer Alexander Spesivtsev.",6.286,43.4676,"[27, 80]",2025
Interstellar,157336,movie,2014-11-05,The adventures of a group of explorers who make use of a newly discovered wormhole to surpass the limitations on human space travel and conquer the vast distances involved in an interstellar voyage.,8.461,76.1836,"[12, 18, 878]",2014
The Black Phone,756999,movie,2022-06-16,"Finney Blake, a shy but clever 13-year-old boy, is abducted by a sadistic killer and trapped in a soundproof basement where screaming is of little use. When a disconnected phone on the wall begins to ring, Finney discovers that he can hear the voices of the killer’s previous victims. And they are dead set on making sure that what happened to them doesn’t happen to Finney.",7.556,75.81,"[27, 53]",2022
Chainsaw Man - The Movie: Reze Arc,1218925,movie,2025-09-19,"In a brutal war between devils, hunters, and secret enemies, a mysterious girl named Reze has stepped into Denji's world, and he faces his deadliest battle yet, fueled by love in a world where survival knows no rules.",8.478,57.3413,"[16, 28, 14]",2025
Lilo & Stitch,552524,movie,2025-05-17,The wildly funny and touching story of a lonely Hawaiian girl and the fugitive alien who helps to mend her broken family.,7.251,62.9649,"[10751, 878, 35, 12]",2025
Laila,1403735,movie,2025-02-14,"Sonu Model, a renowned beautician from the old city, is forced to disguise himself as Laila, leading to a series of comedic, romantic, and action-packed events. Chaos ensues in this hilarious laugh riot",5.167,59.2952,"[35, 10749]",2025
Grafted,1201262,movie,2024-09-12,"When an awkward but brilliant Chinese student wins a scholarship into a prestigious New Zealand University, she finds a new way of achieving the popularity she craves one bloody body at a time.",5.543,59.2202,[27],2024
The Ugly Stepsister,1284120,movie,2025-03-07,"In a fairy-tale kingdom where beauty is a brutal business, Elvira battles to compete with her incredibly beautiful stepsister, and she will go to any length to catch the prince’s eye.",7.237,57.5438,"[27, 35, 14, 18]",2025
The Lost Bus,1236470,movie,2025-09-19,A determined father risks everything to rescue a dedicated teacher and her students from a raging wildfire.,7.2,52.7419,"[18, 9648, 53]",2025
Sorority,1477114,movie,2025-06-20,"A tale of seduction and mystery. A fearless pre-law student joins an elite sorority led by a powerful heiress. As secrets unfold, she’s torn between the woman who awakened her desire and a truth that could destroy them both.",6.6,54.9143,"[18, 10749]",2025
Late Bloomer,1275585,movie,2024-04-30,"When Therese learns that her days are numbered, she seeks the help of her friend Maddie to find guys to have sex with, but she soon discovers her real sexual cravings.",6.4,62.1363,[18],2024
Bitter Souls,1375402,movie,2024-10-23,"After a tragic accident, a teenage girl is resurrected with the use of black magic. She uses her new-found powers to exact vengeance on her tormentors.",3.0,62.0382,[27],2024
Everybody Loves Me When I'm Dead,1429750,movie,2025-10-10,Two bank employees steal from a dead woman's account and unwittingly entangle themselves in Pattaya's criminal underworld.,5.813,52.1271,"[53, 80, 18]",2025
Living Large,947512,movie,2024-10-17,"A 12-year-old boy faces bullying due to his weight and decides to take charge of his life by adopting a healthier lifestyle and trying to win the heart of the girl he admires. Through his journey, he learns the importance of positivity and standing against body shaming, discovering that true confidence comes from embracing who you are.",6.1,57.5316,"[16, 10751, 35]",2024
Ice Road: Vengeance,1119878,movie,2025-06-27,"Big rig ice road driver Mike McCann travels to Nepal to scatter his late brother’s ashes on Mt. Everest. While on a packed tour bus traversing the deadly 12,000 ft. terrain of the infamous Road to the Sky, McCann and his mountain guide encounter a group of mercenaries and must fight to save themselves, the busload of innocent travelers, and the local villagers’ homeland.",6.315,49.389,"[28, 53, 18]",2025
The Time That Remains,1550223,movie,2025-10-15,"Surrounded by a string of deaths, an older woman relives her romance with a mysterious, ageless lover as an inspector closes in on their dark secret.",6.75,49.6076,"[18, 10749, 14]",2025
Elio,1022787,movie,2025-06-18,"Elio, a space fanatic with an active imagination, finds himself on a cosmic misadventure where he must form new bonds with eccentric alien lifeforms, navigate a crisis of intergalactic proportions and somehow discover who he is truly meant to be.",6.959,49.635,"[10751, 35, 12, 16, 878]",2025
The Naked Gun,1035259,movie,2025-07-30,Only one man has the particular set of skills... to lead Police Squad and save the world: Lt. Frank Drebin Jr.,6.601,47.6567,"[35, 28, 80]",2025
Final Destination Bloodlines,574475,movie,2025-05-14,"Plagued by a violent recurring nightmare, college student Stefanie heads home to track down the one person who might be able to break the cycle and save her family from the grisly demise that inevitably awaits them all.",7.106,48.4923,"[27, 9648]",2025
M3GAN 2.0,1071585,movie,2025-06-25,"After the underlying tech for M3GAN is stolen and misused by a powerful defense contractor to create a military-grade weapon known as Amelia, M3GAN's creator Gemma realizes that the only option is to resurrect M3GAN and give her a few upgrades, making her faster, stronger, and more lethal.",7.4,45.243,"[28, 878, 53]",2025
Ne Zha,615453,movie,2019-07-26,"A young boy is born as the reincarnation of a demonic power, into a society that hates and fears him. Destined by prophecy to bring destruction to the world, Nezha must choose between good and evil to see if he can change his fate.",7.889,48.815,"[16, 14, 12]",2019
The Avengers,24428,movie,2012-04-25,"When an unexpected enemy emerges and threatens global safety and security, Nick Fury, director of the international peacekeeping agency known as S.H.I.E.L.D., finds himself in need of a team to pull the world back from the brink of disaster. Spanning the globe, a daring recruitment effort begins!",7.829,49.1755,"[878, 28, 12]",2012
Aztec Batman: Clash of Empires,987400,movie,2025-09-18,"In the time of the Aztec empire, tragedy strikes Yohualli Coatl when his father is murdered by Spanish conquistadors. To warn King Moctezuma and his high priest, Yoka, of imminent danger, Yohualli escapes to Tenochtitlán. There, he trains in the temple of the bat god Tzinacan with his mentor, developing equipment and weaponry to confront the Spanish invasion and avenge his father’s death. Along the way, he encounters key figures like the fierce Jaguar Woman and the conquistador Hernán Cortés.",7.883,45.056,"[16, 28, 12, 14]",2025
Ballerina,541671,movie,2025-06-04,"Taking place during the events of John Wick: Chapter 3 – Parabellum, Eve Macarro begins her training in the assassin traditions of the Ruska Roma.",7.338,45.0561,"[28, 53, 80]",2025
St. Patrick's Day Massacre,1377413,movie,2025-03-10,"On a trip to Dublin to celebrate St. Patrick's Day, four friends agree to spend the night in an abandoned tavern, where they are stalked by an undead killer in search of revenge for a tragedy that occurred centuries before.",3.0,49.3297,[27],2025
Striking Rescue,1382406,movie,2024-12-05,A veteran Muay Thai expert goes on a take-no-prisoners mission of revenge after his wife and daughter are brutally murdered by mysterious forces.,7.512,43.4464,"[28, 80, 53]",2024
Moana 2,1241982,movie,2024-11-21,"After receiving an unexpected call from her wayfinding ancestors, Moana journeys alongside Maui and a new crew to the far seas of Oceania and into dangerous, long-lost waters for an adventure unlike anything she's ever faced.",7.035,41.4867,"[10751, 35, 12, 16, 14]",2024
Stay,1547527,movie,2025-10-07,"Kiara, a PhD author on African spirituality, and Miles, a former MMA fighter turned trainer, facing the end of their marriage. They encounter supernatural forces and go from fighting one another to fighting for their lives. To survive, they must conquer darkness with love.",3.917,33.9998,"[53, 27]",2025
Ruth & Boaz,1371189,movie,2025-09-25,"A talented singer leaves the Atlanta music scene and starts over in small-town Tennessee, where she finds love and new purpose but can't escape the past.",7.745,38.5107,"[10749, 18, 10402]",2025
Corpse Bride,3933,movie,2005-09-12,"In a 19th-century European village, a young man about to be married is whisked away to the underworld and wed to a mysterious corpse bride, while his real bride waits bereft in the land of the living.",7.584,42.9566,"[10749, 14, 16]",2005
The Substance,933260,movie,2024-09-07,"A fading celebrity decides to use a black market drug, a cell-replicating substance that temporarily creates a younger, better version of herself.",7.148,39.958,"[18, 27, 878]",2024
A Working Man,1197306,movie,2025-03-26,"Levon Cade left behind a decorated military career in the black ops to live a simple life working construction. But when his boss's daughter, who is like family to him, is taken by human traffickers, his search to bring her home uncovers a world of corruption far greater than he ever could have imagined.",6.703,41.1103,"[28, 80, 53]",2025
The Day the Earth Blew Up: A Looney Tunes Movie,870360,movie,2024-08-01,"Porky and Daffy, the classic animated odd couple, turn into unlikely heroes when their antics at the local bubble gum factory uncover a secret alien mind control plot. Against all odds, the two are determined to save their town (and the world!)...that is if they don't drive each other crazy in the process.",7.7,38.6089,"[10751, 35, 12, 16, 878]",2024
I Swear,1044736,movie,2025-03-26,"Thirtysomething Marco goes through life without a compass. Employed at a Forbach recycling center, he finds comfort in alcohol. And a little with Madeleine, a mature woman with whom he secretly has a relationship. One day, he is drawn by lot to be a juror of Assisi. Incapable of discernment for himself, Marco will have to decide the life of a young arsonist accused of manslaughter.",5.8,42.0665,[18],2025
Inside Out 2,1022789,movie,2024-06-11,"Teenager Riley's mind headquarters is undergoing a sudden demolition to make room for something entirely unexpected: new Emotions! Joy, Sadness, Anger, Fear and Disgust, who’ve long been running a successful operation by all accounts, aren’t sure how to feel when Anxiety shows up. And it looks like she’s not alone.",7.553,35.7263,"[16, 12, 35, 10751]",2024
Coco,354912,movie,2017-10-27,"Despite his family’s baffling generations-old ban on music, Miguel dreams of becoming an accomplished musician like his idol, Ernesto de la Cruz. Desperate to prove his talent, Miguel finds himself in the stunning and colorful Land of the Dead following a mysterious chain of events. Along the way, he meets charming trickster Hector, and together, they set off on an extraordinary journey to unlock the real story behind Miguel's family history.",8.202,39.3851,"[10751, 16, 10402, 12]",2017
As Good as Dead,1028248,movie,2022-12-16,An ex-cop in self-imposed witness protection in Mexico becomes a target when a fight video of his apprentice goes viral.,6.191,35.864,"[28, 80]",2022
Motherland,1223422,movie,2025-09-12,"In an alternate present society where the state frees parents from the burden of raising children, a rule enforcer learns a shocking truth that sparks her rebellion.",6.864,30.5347,"[18, 878, 53]",2025
French Lover,1289888,movie,2025-09-25,"When a jaded actor meets a down-on-her-luck waitress in Paris, their unexpected love story begins — but will it survive the glare of the spotlight?",5.801,37.8826,"[10749, 35]",2025
Red Sonja,13494,movie,2025-07-31,A young girl rises from the ashes of tragedy to become the most feared warrior woman of all time: the She-Devil with a Sword.,5.7,37.6343,"[12, 28, 14]",2025
Avatar: The Way of Water,76600,movie,2022-12-14,"Set more than a decade after the events of the first film, learn the story of the Sully family (Jake, Neytiri, and their kids), the trouble that follows them, the lengths they go to keep each other safe, the battles they fight to stay alive, and the tragedies they endure.",7.61,37.0001,"[28, 12, 878]",2022
Together,1242011,movie,2025-07-28,"With a move to the countryside already testing the limits of a couple's relationship, a supernatural encounter begins an extreme transformation of their love, their lives, and their flesh.",7.181,34.7877,"[27, 10749]",2025
Monster: The Ed Gein Story,286801,tv,2025-10-03,"The shocking true-life tale of Ed Gein, the infamous murderer and grave robber who inspired many of Hollywood's most iconic on-screen killers.",7.378,212.1717,"[18, 80]",2025
Grey's Anatomy,1416,tv,2005-03-27,Follows the personal and professional lives of a group of doctors at Seattle’s Grey Sloan Memorial Hospital.,8.217,183.8679,[18],2005
Law & Order: Special Victims Unit,2734,tv,1999-09-20,"In the criminal justice system, sexually-based offenses are considered especially heinous. In New York City, the dedicated detectives who investigate these vicious felonies are members of an elite squad known as the Special Victims Unit. These are their stories.",7.939,166.4626,"[80, 18, 9648]",1999
Dexter,1405,tv,2006-10-01,"Dexter Morgan, a blood spatter pattern analyst for the Miami Metro Police also leads a secret life as a serial killer, hunting down criminals who have slipped through the cracks of justice.",8.2,159.2146,"[80, 18, 9648]",2006
Pili,19530,tv,1988-06-01,"Pili is a puppet show from Taiwan. It is made by Pili International Multimedia. The TV series started in 1985, and it still continues today. It is one of the most popular TV shows in Taiwan. Pili puppet show is performed by many kinds of puppets, some of them are cool, some are intelligent, and some are funny. Unlike traditional puppet shows, Pili puppet show uses state-of-the-art animation to help present its fighting art. The delicate design of the appearance and characteristics of each puppet has made Pili puppet show a well-known entertainment in Taiwan.",7.4,158.5082,"[10759, 18]",1988
Tulsa King,153312,tv,2022-11-13,"Just after he is released from prison after 25 years, New York mafia capo Dwight “The General” Manfredi is unceremoniously exiled by his boss to set up shop in Tulsa, Okla. Realizing that his mob family may not have his best interests in mind, Dwight slowly builds a “crew” from a group of unlikely characters, to help him establish a new criminal empire in a place that to him might as well be another planet.",8.322,152.3224,"[80, 18, 35]",2022
One-Punch Man,63926,tv,2015-10-05,"The most powerful superhero in the world can kill anyone with one blow. But nothing can challenge him, so he struggles with ennui and depression.",8.4,151.2825,"[16, 35, 10759, 10765]",2015
The Last Frontier,221079,tv,2025-10-09,When a prison transport plane crashes in the remote Alaskan wilderness—freeing dozens of violent inmates—the region's lone marshal must protect the town he's vowed to keep safe.,7.925,143.2231,"[80, 18]",2025
The Rookie,79744,tv,2018-10-16,"Starting over isn't easy, especially for small-town guy John Nolan who, after a life-altering incident, is pursuing his dream of being an LAPD officer. As the force's oldest rookie, he’s met with skepticism from some higher-ups who see him as just a walking midlife crisis.",8.531,150.9169,"[80, 18, 35]",2018
Supernatural,1622,tv,2005-09-13,"When they were boys, Sam and Dean Winchester lost their mother to a mysterious and demonic supernatural force. Subsequently, their father raised them to be soldiers. He taught them about the paranormal evil that lives in the dark corners and on the back roads of America ... and he taught them how to kill it. Now, the Winchester brothers crisscross the country in their '67 Chevy Impala, battling every kind of supernatural threat they encounter along the way. ",8.3,132.1008,"[18, 9648, 10765]",2005
NCIS,4614,tv,2003-09-23,"From murder and espionage to terrorism and stolen submarines, a team of special agents investigates any crime that has a shred of evidence connected to Navy and Marine Corps personnel, regardless of rank or position.",7.6,133.294,"[80, 18, 10759]",2003
Secret Lives,14610,tv,1999-01-25,Salatut elämät (Secret Lives) is a Finnish television soap opera that premiered on MTV3 on 25 January 1999. The series' storylines follow the daily lives of several families who live in the same apartment block in Helsinki.,4.5,118.1744,"[10766, 18]",1999
Fuse,16656,tv,1962-06-04,"Fitil is a popular Soviet/Russian television satirical/comedy short film series which ran for about 500 episodes. Some of the episodes were aimed at children, and were called Фитилёк, Fitilyok, Little Fuse. Each issue contained from the few short segments: documentary, fictional and animated ones. Directed by various artists, including Leonid Gaidai who presented his famous trio of Nikulin, Vitsin and Morgunov into the cast. It was called in USSR as ""the anecdotes from the Soviet government"".",7.6,121.5014,"[35, 99, 16, 10751]",1962
Family Guy,1434,tv,1999-01-31,"Sick, twisted, politically incorrect and Freakin' Sweet animated series featuring the adventures of the dysfunctional Griffin family. Bumbling Peter and long-suffering Lois have three kids. Stewie (a brilliant but sadistic baby bent on killing his mother and taking over the world), Meg (the oldest, and is the most unpopular girl in town) and Chris (the middle kid, he's not very bright but has a passion for movies). The final member of the family is Brian - a talking dog and much more than a pet, he keeps Stewie in check whilst sipping Martinis and sorting through his own life issues.",7.398,124.37,"[16, 35]",1999
Tagesschau,94722,tv,1952-12-26,"German daily news program, the oldest still existing program on German television.",6.8,126.1671,[10763],1952
Game of Thrones,1399,tv,2011-04-17,"Seven noble families fight for control of the mythical land of Westeros. Friction between the houses leads to full-scale war. All while a very ancient evil awakens in the farthest north. Amidst the war, a neglected military order of misfits, the Night's Watch, is all that stands between the realms of men and icy horrors beyond.",8.459,116.1133,"[10765, 18, 10759]",2011
Shameless,34307,tv,2011-01-09,"Chicagoan Frank Gallagher is the proud single dad of six smart, industrious, independent kids, who without him would be... perhaps better off. When Frank's not at the bar spending what little money they have, he's passed out on the floor. But the kids have found ways to grow up in spite of him. They may not be like any family you know, but they make no apologies for being exactly who they are.",8.2,119.2418,"[18, 35]",2011
Stranger Things,66732,tv,2016-07-15,"When a young boy vanishes, a small town uncovers a mystery involving secret experiments, terrifying supernatural forces, and one strange little girl.",8.6,113.0058,"[18, 10765, 9648]",2016
Wednesday,119051,tv,2022-11-23,"Smart, sarcastic and a little dead inside, Wednesday Addams investigates twisted mysteries while making new friends — and foes — at Nevermore Academy.",8.381,106.5058,"[10765, 9648, 35]",2022
Ninja Boy Rantaro,34860,tv,1993-04-10,"Rantarō, Shinbei and Kirimaru are ninja  apprentices in the Ninja Gakuen, where first grade ones are called  ""Nintamas"". They must learn  everything a ninja must know, but as for our heroes, money, food or  playing are more interesting. The series show the everyday adventures of  our heroes.",6.5,111.9516,"[35, 10759, 10762, 16, 10751]",1993
Criminal Minds,4057,tv,2005-09-22,"An elite team of FBI profilers analyze the country's most twisted criminal minds, anticipating their next moves before they strike again. The Behavioral Analysis Unit's most experienced agent is David Rossi, a founding member of the BAU who returns to help the team solve new cases.",8.3,111.9077,"[80, 18, 9648]",2005
Dinastía Casillas,302463,tv,2025-10-07,,8.5,105.4924,"[18, 10759, 9648]",2025
The Simpsons,456,tv,1989-12-17,"Set in Springfield, the average American town, the show focuses on the antics and everyday adventures of the Simpson family; Homer, Marge, Bart, Lisa and Maggie, as well as a virtual cast of thousands. Since the beginning, the series has been a pop culture icon, attracting hundreds of celebrities to guest star. The show has also made name for itself in its fearless satirical take on politics, media and American life in general.",8.013,114.8845,"[10751, 16, 35]",1989
Peacemaker,110492,tv,2022-01-13,"The continuing story of Peacemaker, a vainglorious superhero/supervillain who believes in peace at any cost — no matter how many people he has to kill. After a miraculous recovery from his duel with Bloodsport, Peacemaker soon discovers that his freedom comes at a price.",8.21,101.5643,"[10759, 10765, 18]",2022
The Tonight Show Starring Johnny Carson,2261,tv,1962-10-01,"The Tonight Show Starring Johnny Carson is a talk show hosted by Johnny Carson under The Tonight Show franchise from 1962 to 1992. It originally aired during late-night. For its first ten years, Carson's Tonight Show was based in New York City with occasional trips to Burbank, California; in May 1972, the show moved permanently to Burbank, California. In 2002, The Tonight Show Starring Johnny Carson was ranked #12 on TV Guide's 50 Greatest TV Shows of All Time.",7.5,109.3826,[10767],1962
House,1408,tv,2004-11-16,"Dr. Gregory House, a drug-addicted, unconventional, misanthropic medical genius, leads a team of diagnosticians at the fictional Princeton–Plainsboro Teaching Hospital in New Jersey.",8.59,102.4868,"[18, 35, 9648]",2004
Breaking Bad,1396,tv,2008-01-20,"Walter White, a New Mexico chemistry teacher, is diagnosed with Stage III cancer and given a prognosis of only two years left to live. He becomes filled with a sense of fearlessness and an unrelenting desire to secure his family's financial future at any cost as he enters the dangerous world of drugs and crime.",8.924,102.3009,"[18, 80]",2008
Gen V,205715,tv,2023-09-28,"At America's only college for superheroes, gifted students put their moral boundaries to the test, competing for the university's top ranking, and a chance to join The Seven, Vought International's elite superhero team. When the school's dark secrets come to light, they must decide what kind of heroes they want to become.",7.7,96.4789,"[10759, 18, 10765]",2023
Alice in Borderland,110316,tv,2020-12-10,"With his two friends, a video-game-obsessed young man finds himself in a strange version of Tokyo where they must compete in dangerous games to win.",8.1,91.0532,"[9648, 18, 10759]",2020
Sazae-san,153485,tv,1969-10-14,The adventures of Sazae Fuguta and her family and friends in their Tokyo suburb.,6.5,99.9992,"[16, 35, 10751]",1969
Only You,199332,tv,2010-10-30,,0.0,90.1616,[10764],2010
Young Hearts,14424,tv,1995-04-24,"Malhação is a Brazilian television series for the teenage audience. The soap started in 1995, and was set in a fictional Gym Club called Malhação on Barra da Tijuca, Rio de Janeiro. Through the years the location varied slightly. Although the name of the soap remains the same, it is now set in the Múltipla Escolha High School.",6.3,91.9472,"[10766, 35, 18]",1995
Law & Order,549,tv,1990-09-13,"In cases ripped from the headlines, police investigate serious and often deadly crimes, weighing the evidence and questioning the suspects until someone is taken into custody. The district attorney's office then builds a case to convict the perpetrator by proving the person guilty beyond a reasonable doubt. Working together, these expert teams navigate all sides of the complex criminal justice system to make New York a safer place.",7.391,123.5742,"[80, 18]",1990
Na Wspólnej,14750,tv,2003-01-27,"Na Wspólnej is a Polish soap opera. It has been running since 2003 on the TVN channel as its flagship primetime weekday soap opera. It is loosely based on the German production Unter Uns and it follows the lives of the inhabitants of an apartment block in Wspólna Street, Warsaw. Episodes tend to last around 20 minutes. It is a Polish version of the Hungarian ""Barátok közt"".

The series is shot almost entirely in Warsaw and produced by the Polish branch of Freemantle Media. On 9 September 2008 it celebrated its 1000th episode; ""Na Wspólnej"" was the fourth Polish television series ever to achieve such status. A special episode was broadcast in which characters from some other of TVN's most popular shows visited Wspólna Street.",4.4,90.3452,[10766],2003
The Blacklist,46952,tv,2013-09-23,"Raymond ""Red"" Reddington, one of the FBI's most wanted fugitives, surrenders in person at FBI Headquarters in Washington, D.C. He claims that he and the FBI have the same interests: bringing down dangerous criminals and terrorists. In the last two decades, he's made a list of criminals and terrorists that matter the most but the FBI cannot find because it does not know they exist. Reddington calls this ""The Blacklist"". Reddington will co-operate, but insists that he will speak only to Elizabeth Keen, a rookie FBI profiler.",7.641,94.0616,"[18, 80, 9648]",2013
HK 80's,228091,tv,1981-06-08,"This sitcom  series premiered in 1981 and changed its name every year, from ""Hong Kong 81"" to ""Hong Kong 86."" It was eventually replaced by a new sitcom called ""City Stories."" A total of 1330 episodes were produced, making it the second-longest-running series in Hong Kong, after ""Come Home Love: Lo and Behold"".

Each episode of this series is inspired by current social issues, with early storylines often satirizing society's flaws. The characters, such as ""Chen Ji,"" ""Mrs. Shun,"" ""Uncle Mao,"" ""Jue Wu Yin,"" ""Miss Su,"" ""A Wei,"" and ""Ah Kang,"" mostly hail from the grassroots, leaving a lasting impression on the audience. For example, ""Mrs. Shun,"" portrayed by Lydia Shum, later became a term to describe uneducated women who follow trends blindly. ""Chen Ji,"" played by Lawrence Ng, is a stockbroker who loves to show off his wealth, and his behavior typified that of many Hong Kongers, becoming a byword for the city's nouveau riche.",0.0,91.0553,"[35, 18, 10751]",1981
Burn the House Down,210268,tv,2023-07-13,"After her mother took the blame for a tragic fire 13 years ago, Anzu plots revenge by working as a housekeeper under a pseudonym for her icy stepmother.",7.3,145.0012,"[18, 9648]",2023
Smallville,4604,tv,2001-10-16,The origins of the world’s greatest hero–from Krypton refugee Kal-el’s arrival on Earth through his tumultuous teen years to Clark Kent’s final steps toward embracing his destiny as the Man of Steel.,8.196,82.3897,"[10765, 10759, 18]",2001
The Daily Show,2224,tv,1996-07-22,"The World's Fakest News Team tackle the biggest stories in news, politics and pop culture.",6.388,88.5254,"[10763, 35]",1996
The World Heritage,82172,tv,2014-07-05,"TBS’s ”World Heritage,” is a 30-minute weekly documentary series that is registered by UNESCO under Natural Heritage, Cultural Heritage and Cultural Sciences. The program started in spring, 1996, and over a span of 10 years has covered about 560 topics around the world. To better convey the grandeur of these treasures of the world, TBS has shot the series in High-Definition. High quality images, impeccable narrative, and beautiful music...the elements are simple and straightforward. The producers feel that this style of presentation works best to visually document and preserve the wonders of the world, and continue to do so to this day.",8.0,85.0742,[99],2014
Binnelanders,206559,tv,2005-10-13,"A South African Afrikaans soap opera. It is set in and around the fictional private hospital, Binneland Kliniek, in Pretoria, and the storyline follows the trials, trauma and tribulations of the staff and patients of the hospital.",5.606,86.3183,[10766],2005
Alpha Forum,101253,tv,1998-01-07,,0.0,81.644,[10767],1998
Prison Break,2288,tv,2005-08-29,"Due to a political conspiracy, an innocent man is sent to death row and his only hope is his brother, who makes it his mission to deliberately get himself sent to the same prison in order to break the both of them out, from the inside out.",8.076,78.7712,"[10759, 80, 18]",2005
CSI: Crime Scene Investigation,1431,tv,2000-10-06,"A Las Vegas team of forensic investigators are trained to solve criminal cases by scouring the crime scene, collecting irrefutable evidence and finding the missing pieces that solve the mystery.",7.636,85.0457,"[80, 18, 9648]",2000
FROM,124364,tv,2022-02-20,"Unravel the mystery of a nightmarish town in middle America that traps all those who enter. As the unwilling residents fight to keep a sense of normalcy and search for a way out, they must also survive the threats of the surrounding forest – including the terrifying creatures that come out when the sun goes down.",8.2,79.8736,"[9648, 18, 10765]",2022
Die Küchenschlacht,46034,tv,2008-01-14,,8.0,81.5556,[10764],2008
Spartacus,46296,tv,2010-01-22,"Torn from his homeland and the woman he loves, Spartacus is condemned to the brutal world of the arena where blood and death are primetime entertainment.",8.028,80.9594,[18],2010
Bones,1911,tv,2005-09-13,"Dr. Temperance Brennan and her colleagues at the Jeffersonian's Medico-Legal Lab assist Special Agent Seeley Booth with murder investigations when the remains are so badly decomposed, burned or destroyed that the standard identification methods are useless.",8.209,81.5573,"[80, 18]",2005
Adam's Sweet Agony,241002,tv,2024-01-08,"This is the story of a boy, who became the lone Adam among four billion Eves. In a world where a pandemic has rendered all men impotent, high school student Itsuki is the exception who escaped it. In order to protect this secret, he transfers to a very special high school, which turns out to be composed of 90% girls! There, he encounters an upbeat and friendly senior, a sexually frustrated female teacher, a tomboyish school 'prince,' and an heiress from a wealthy family. For Itsuki, who has his pick of any woman in the world, the question remains: which one will he choose?",6.4,80.9411,[16],2024
Esref Ruya,283123,tv,2025-03-19,"As a child, Eşref fell in love from afar with a girl he called “Rüya” and spent years searching for her, only to become a powerful mafia figure along the way. Meanwhile, Nisan, an idealistic musician, finds herself in grave danger after performing at a wedding held at Eşref’s hotel. Eşref falls for Nisan, unaware that she is both the long-lost Rüya he has been chasing for years and a police informant. Trapped in a whirlwind of love, betrayal, and power struggles, Eşref is forced into a brutal reckoning—both with his criminal empire and his own emotions.",7.1,66.9524,[18],2025
"My Gift Lvl 9999 Unlimited Gacha: Backstabbed in a Backwater Dungeon, I'm Out for Revenge!",278635,tv,2025-10-03,"God created nine races in the ancient times. Humans were the weakest, most ridiculed race among them. Light, a human boy, was fortunate enough to be invited to join a party of all nine races called the ""Assembly of the Races."" He was happy being a member for a while, but that was a short dream. His hopes were only to be betrayed by his fellow members at the largest, most heinous dungeon ""Abyss."" After surviving by himself at the bottom of Abyss, Light learns the true meaning of his gift ""Unlimited Gacha."" Light will rise from the worst despair to build his own empire of the strongest players.",7.5,75.6786,"[16, 10759, 10765, 18]",2025
Kamen Rider,2661,tv,1971-04-03,"Takeshi Hongo is a promising young man with a passion for motorcycle racing. However, his dreams are suddenly ruined when he gets kidnapped by Shocker, the evil secret organization planning to dominate the world. After being remodeled into a cyborg, Takeshi escapes and swears to protect the world from the inhuman monsters.",6.4,75.2134,"[10759, 10765, 18]",1971
Kangsi Coming,6836,tv,2004-01-05,"KangXi Lai Le is a Taiwanese variety-comedy talk show hosted by variety show veterans Dee Hsu and Kevin Tsai. It was produced by Chungta Production from 2004 to 2009, and currently produced by Gold Star Production along with the writing and production staff of GUESS. It was first broadcast on 5 January 2004 and currently airs Monday to Friday at 22:00-23:00 on cable TV CTi Variety. In most episodes, the hosts interview a panel of celebrities in various and controversial topics while employing their signature comedic bantering. It is broadcast in Hong Kong on ATV Home under the name of Variety Show of Mr Con and Ms Csi.

Although it is broadcast in Taiwan, the show is very successful and popular among Chinese speaking audiences across the world who watch uploaded re-runs over the internet or through bootleg DVDs. The show has been mentioned in other Taiwanese variety and talk shows, mainly from presenters who appeared on the show.",7.7,65.0305,"[10767, 10764]",2004
Big Brother,11366,tv,2000-07-18,"A British reality television game show in which a number of contestants live in an isolated house for several weeks, trying to avoid being evicted by the public with the aim of winning a large cash prize at the end of the run.",4.317,78.9087,[10764],2000
Midsomer Murders,764,tv,1997-03-23,"The peacefulness of the Midsomer community is shattered by violent crimes, suspects are placed under suspicion, and it is up to a veteran DCI and his young sergeant to calmly and diligently eliminate the innocent and ruthlessly pursue the guilty. ",7.5,77.6901,"[80, 18, 9648]",1997
The Walking Dead: Daryl Dixon,211684,tv,2023-09-10,"Daryl washes ashore in France and struggles to piece together how he got there and why. The series tracks his journey across a broken but resilient France as he hopes to find a way back home. As he makes the journey, though, the connections he forms along the way complicate his ultimate plan.",8.1,73.9179,"[10765, 10759, 18]",2023
RadhaKrishn,86310,tv,2018-10-01,"The story of Radha and Krishna is the epitome of eternal love, which transcends eras and emotions.",9.0,75.1177,"[18, 10751, 35, 10759, 10766]",2018
Old Money,278009,tv,2025-10-10,Nihal's affluent life comes under threat when a self-made tycoon with an eye for money — and an even sharper one for love — shakes up Istanbul's elite.,3.125,63.03,[18],2025
Gachiakuta,256721,tv,2025-07-06,"Accused of murder and thrown into the Pit, a young orphan joins a group of monster fighters with special powers to uncover the truth and seek vengeance.",8.943,72.2702,"[16, 10759, 18, 10765]",2025
The Tonight Show Starring Jimmy Fallon,59941,tv,2014-02-17,"After Jay Leno's second retirement from the program, Jimmy Fallon stepped in as his permanent replacement. After 42 years in Los Angeles the program was brought back to New York.",5.9,79.3333,"[35, 10767]",2014
Sturm der Liebe,45789,tv,2005-09-26,"These are the stories of relationships taking place in the fictional five-star hotel Fürstenhof, located in Feldkirchen-Westerham near Rosenheim with the plot revolving around members of the family room area, the hotel owners, and employees.",6.0,75.4616,"[18, 10766]",2005
The Vampire Diaries,18165,tv,2009-09-10,"The story of two vampire brothers obsessed with the same girl, who bears a striking resemblance to the beautiful but ruthless vampire they knew and loved in 1864.",8.3,73.4413,"[18, 10765]",2009
The Office,2316,tv,2005-03-24,"The everyday lives of office employees in the Scranton, Pennsylvania branch of the fictional Dunder Mifflin Paper Company.",8.585,79.5684,[35],2005
South Park,2190,tv,1997-08-13,"Follow the misadventures of four irreverent grade-schoolers in the quiet, dysfunctional town of South Park, Colorado.",8.346,72.8055,"[16, 35]",1997
The Mike Douglas Show,10536,tv,1961-12-11,"The Mike Douglas Show is an American daytime television talk show hosted by Mike Douglas that originally aired only in the Cleveland area during much of its first two years on the air. It then went into syndication in 1963 and remained on television until 1982. It was distributed by Westinghouse Broadcasting and for much of its run, originated from studios of two of the company's TV stations in Cleveland and Philadelphia.",5.4,70.5991,"[35, 10767]",1961
Néro the Assassin,249551,tv,2025-10-08,"France, 1504. A ruthless assassin goes on the run with his estranged daughter in his quest to protect her from deadly enemies and evil forces.",6.94,61.6931,"[18, 10759]",2025
Državni posao,46831,tv,2012-09-24,"The backbone of the ""Državni Posao (Government Job)"" are satirical talks between the three actors, the comments are reminiscent of the ""stand-up"" form. These are short, witty comments and observations on daily life, circumstances, sociopolitical situation, sports, entertainment world, their personal opinions on various topics. The main idea is to present day in a non-existent government company and three employees of thinking about daily events in it, but also about life and society in general. Topics drawn from the daily and weekly press, for various blogs, websites, talk about movies, series, shows - radio and television. The idea is that actors humorously comment on current events, to laugh viewers and encourage them to think about them.",7.9,73.3674,[35],2012
Doraemon,57911,tv,1979-04-02,Doraemon is an anime TV series created by Fujiko F. Fujio and based on the manga series of the same name. This anime is the much more successful successor of the 1973 anime.,7.7,71.389,"[10759, 16, 35, 10765, 10762, 10751]",1979
Slow Horses,95480,tv,2022-04-01,"Follow a dysfunctional team of MI5 agents—and their obnoxious boss, the notorious Jackson Lamb—as they navigate the espionage world's smoke and mirrors to defend England from sinister forces.",7.972,73.3018,"[80, 18, 35]",2022
Raw,4656,tv,1993-01-11,"A regularly scheduled, live, year-round program featuring some of the biggest WWE Superstars.",6.771,74.4565,[10764],1993
No One Saw Us Leave,246027,tv,2025-10-15,"A mother faces stigma and a painful separation when her husband takes their children abroad, forever changing her life.",7.583,74.2967,[18],2025
Radio Arvyla,32580,tv,2008-04-14,"Radio Arvyla is a Greek live show hosted by ANT1 in Thessaloniki. It first aired on April 2008. It is hosted by Antonis Kanakis, Giannis Servetas, Stathis Panagiotopoulos and Christos Kiousis. It mainly criticizes the political life and what prevails in the modern social life through parodies, videos and jokes. It's a show that isn't afraid to show the truth and most of the time, it does that, with a humorous way.",5.5,71.5423,"[35, 10763]",2008
American Dad!,1433,tv,2005-02-06,"The series focuses on an eccentric motley crew that is the Smith family and their three housemates: Father, husband, and breadwinner Stan Smith; his better half housewife, Francine Smith; their college-aged daughter, Hayley Smith; and their high-school-aged son, Steve Smith. Outside of the Smith family, there are three additional main characters, including Hayley's boyfriend turned husband, Jeff Fischer; the family's man-in-a-goldfish-body pet, Klaus; and most notably the family's zany alien, Roger, who is ""full of masquerades, brazenness, and shocking antics.""",6.992,80.1579,"[16, 35]",2005
Suits,37680,tv,2011-06-23,"While running from a drug deal gone bad, Mike Ross, a brilliant young college-dropout, slips into a job interview with one of New York City's best legal closers, Harvey Specter. Tired of cookie-cutter law school grads, Harvey takes a gamble by hiring Mike on the spot after he recognizes his raw talent and photographic memory.",8.227,73.4183,[18],2011
A Kindred Spirit,15844,tv,1995-05-15,"A Kindred Spirit was a television drama series that was broadcast on TVB Jade in Hong Kong from 15 May 1995 to 13 November 1999. It is one of the longest running drama shows in Hong Kong television history. Its exceptional longevity still amazes people in a city where scripted TV drama programs typically only last around 20 episodes. The total number of episodes is 1,128. Each episode airs a few days in each week.

The show centres on a family who operates a barbecue pork restaurant in Happy Valley, Hong Kong, and their life.",0.0,70.64,"[18, 35]",1995
Vikings,44217,tv,2013-03-03,"The adventures of Ragnar Lothbrok, the greatest hero of his age. The series tells the sagas of Ragnar's band of Viking brothers and his family, as he rises to become King of the Viking tribes. As well as being a fearless warrior, Ragnar embodies the Norse traditions of devotion to the gods. Legend has it that he was a direct descendant of Odin, the god of war and warriors.",8.094,68.3564,"[10759, 18, 10768]",2013
The Walking Dead,1402,tv,2010-10-31,Sheriff's deputy Rick Grimes awakens from a coma to find a post-apocalyptic world dominated by flesh-eating zombies. He sets out to find his family and encounters many other survivors along the way.,8.091,70.4291,"[10759, 18, 10765]",2010
If You Are the One,103751,tv,2010-01-15,"With a viewing audience of up to 50 million per episode, this popular Chinese dating show is a cultural phenomenon. A lone male suitor has to impress a panel of 24 single women, who can then register their interest or disinterest in the man through the use of their podium lights. Popular host Meng Fei oversees the action in front of a large studio audience.",10.0,68.1845,[],2010
SPY x FAMILY,120089,tv,2022-04-09,"A spy, an assassin and a telepath come together to pose as a family, each for their own reasons, while hiding their true identities from each other.",8.539,67.3997,"[16, 35, 10759]",2022
Task,228305,tv,2025-09-07,"In the working-class suburbs of Philadelphia, an FBI agent heads a task force assembled to put an end to a string of violent robberies led by an unsuspecting family man.",5.979,67.3927,"[80, 18]",2025
Boots,225647,tv,2025-10-09,"In 1990, a bullied, gay high school student named Cameron joins the Marine Corps with his straight best friend, Ray — a dangerous move when being gay in the military meant jail time or worse. As these two friends plunge into Marine Corps boot camp, where the landmines are both literal and metaphorical, they join a platoon of young men on a harrowing journey of transformation.",8.313,68.4782,"[35, 18, 10768]",2025
The Summer I Turned Pretty,194766,tv,2022-06-16,"Every summer, Belly and her family head to the Fishers’ beach house in Cousins. Every summer is the same ... until Belly turns sixteen. Relationships will be tested, painful truths will be revealed, and Belly will be forever changed. It’s a summer of first love, first heartbreak and growing up — it's the summer she turns pretty.",8.14,65.0904,[18],2022
Chicago Fire,44006,tv,2012-10-10,"An edge-of-your-seat view into the lives of everyday heroes committed to one of America's noblest professions. For the firefighters, rescue squad and paramedics of Chicago Firehouse 51, no occupation is more stressful or dangerous, yet so rewarding and exhilarating. These courageous men and women are among the elite who forge headfirst into danger when everyone else is running the other way and whose actions make the difference between life and death.",8.409,69.8692,[18],2012
Miraculous: Tales of Ladybug & Cat Noir,65334,tv,2015-10-19,"Marinette and Adrien, two Parisian teenagers, are entrusted with powerful jewels in order to transform into superheroes Ladybug and Cat Noir. But neither hero knows the other's true identity — or that they're classmates!",8.046,65.896,"[10759, 16, 10762]",2015
Friends,1668,tv,1994-09-22,"Six young people from New York City, on their own and struggling to survive in the real world, find the companionship, comfort and support they get from each other to be the perfect antidote to the pressures of life.",8.425,73.3503,[35],1994
Blue Bloods,32692,tv,2010-09-24,"A drama about a multi-generational family of cops dedicated to New York City law enforcement. Frank Reagan is the New York Police Commissioner and heads both the police force and the Reagan brood. He runs his department as diplomatically as he runs his family, even when dealing with the politics that plagued his unapologetically bold father, Henry, during his stint as Chief.",7.796,71.5151,"[80, 18]",2010
Golden Boy,210865,tv,2022-09-23,"A young girl is forced to marry a rich groom. The groom is not only rich, but also allows himself to live without any restrictions or obligations. Will married life change his habits? And how will such a man be accepted by a good-hearted wife?",8.279,64.8086,"[10751, 18]",2022
Shin Chan,30623,tv,1992-04-13,"Shin-chan, the boy next door, is a walking disaster, creating chaos wherever he goes. With the body of a child and the mind of an adult, Shinchan is wreaking more havoc than any child before. Shin-chan is carefree, optimistic and gets excited about everything. This 5 year-old likes to do things his way.",7.8,67.2753,"[16, 35, 10762]",1992
Two and a Half Men,2691,tv,2003-09-22,A hedonistic jingle writer's free-wheeling life comes to an abrupt halt when his brother and 10-year-old nephew move into his beach-front house.,7.447,65.1754,[35],2003
Castle,1419,tv,2009-03-09,"After a serial killer imitates the plots of his novels, successful mystery novelist Richard ""Rick"" Castle receives permission from the Mayor of New York City to tag along with an NYPD homicide investigation team for research purposes.",8.0,67.6876,"[18, 80]",2009
Alien: Earth,157239,tv,2025-08-12,"When the mysterious deep space research vessel USCSS Maginot crash-lands on Earth, Wendy and a ragtag group of tactical soldiers make a fateful discovery that puts them face-to-face with the planet's greatest threat.",7.48,63.82,"[10765, 18]",2025
Law of the Jungle,52910,tv,2011-10-21,"Law of the Jungle is a hybrid reality show combining elements of drama and documentary. The show is hosted by comedian Kim Byung Man, and each episode invites various celebrities from the various field. So far, many of idol stars and famous actors have appeared on the show. The show introduces viewers to exotic locations around the world where celebrities must work together in order to complete missions and survive. The cast celebrities travel to less habituated, natural places to survive on their own and experience life with local tribes and people. In each location, the guests are tasked to hunt and prepare their meals and also create shelter for the tribe. They sometimes confronted by many difficult challenges. Where will the tribe visit? And how will they survive on their own? Stay tuned to check out!",6.0,66.9814,[10764],2011
Chicago P.D.,58841,tv,2014-01-08,"A riveting police drama about the men and women of the Chicago Police Department's District 21 who put it all on the line to serve and protect their community. District 21 is made up of two distinctly different groups: the uniformed cops who patrol the beat and go head-to-head with the city's street crimes and the Intelligence Unit that combats the city's major offenses - organized crime, drug trafficking, high profile murders and beyond.",8.414,55.171,"[80, 18]",2014
Chibi Maruko-chan,57775,tv,1990-01-07,"Meet Maruko, a sweet schoolgirl with a hefty dose of curiosity (and occasional laziness!). She sails through life in a cozy town alongside her loving parents, grandparents, and sister. Maruko has a band of loyal friends, including her closest pal, Tama-chan, but her playful and doting grandpa is at the heart of it all. Life is never dull in this charming series.",7.8,67.2694,"[16, 35]",1990
Vighnaharta Ganesh,75230,tv,2017-08-22,"Vighnaharta Ganesh showcases the journey of the deity Ganesha and presents a magical visual extravaganza with impeccable production design, celestial costumes and ingenious audio-visual experience through Motion Capture technology. This technology will make the emotional journey of how Ganesha transformed from being an ostracized child to ""Prathamesh"" amongst Gods, a more endearing and realistic experience. Motion Capture technology and animatronics which will be used for the first time on Indian Television, after being extensively used in Hollywood. This technology will replace the age old depiction of Lord Ganesha with an inert mask and bring alive the detailed life-like movements and facial expressions to the fore giving the viewers a delightful visual treat. This magnum opus is supported by a stellar star-cast that includes Uzair Basar playing Ganesha, Akanksha Puri as Parvati, Malkhan Singh as Shiv, Basant Bhatt as Kartikeya and Anand Garodia as Narada Muni.",9.5,66.4049,[18],2017
How I Met Your Mother,1100,tv,2005-09-19,A father recounts to his children - through a series of flashbacks - the journey he and his four best friends took leading up to him meeting their mother.,8.142,64.8793,[35],2005
Reacher,108978,tv,2022-02-03,"Jack Reacher, a veteran military police investigator, has just recently entered civilian life. Reacher is a drifter, carrying no phone and the barest of essentials as he travels the country and explores the nation he once served.",8.095,65.5882,"[10759, 18, 80]",2022
ZIBB,265167,tv,2003-11-10,,0.0,68.4867,"[10763, 10767]",2003
9-1-1,75219,tv,2018-01-03,"Explore the high-pressure experiences of police officers, paramedics and firefighters who are thrust into the most frightening, shocking and heart-stopping situations. These emergency responders must try to balance saving those who are at their most vulnerable with solving the problems in their own lives.",8.2,65.6331,"[18, 80, 10759]",2018
